"Election Name","County Name","Office Name","District Name","Party Name","Candidate Name","Votes","Yes Votes","No Votes","Election Day Votes","ElectionDay Yes Votes","Election Day No Votes","Mail Votes","Mail Yes Votes","Mail No Votes","Provisional Votes","Provisional Yes Votes","Provisional No Votes"
"2012 General Election","ADAMS","Senator in the General Assembly","33rd Senatorial District","Republican","ALLOWAY, II, RICHARD","28,128","0","0","","","","","","","","",""
"2012 General Election","ADAMS","Senator in the General Assembly","33rd Senatorial District","Democratic","NEYLON, BRUCE","13,150","0","0","","","","","","","","",""
"2012 General Election","ADAMS","Representative in the General Assembly","91st Legislative District","Republican","MOUL, DAN P","21,007","0","0","","","","","","","","",""
"2012 General Election","ADAMS","Representative in the General Assembly","193rd Legislative District","Republican","TALLMAN, WILL F","10,514","0","0","","","","","","","","",""
"2012 General Election","ADAMS","Representative in the General Assembly","193rd Legislative District","Democratic","MCNEVIN, ANTHONY","3,984","0","0","","","","","","","","",""
"2012 General Election","ALLEGHENY","Senator in the General Assembly","37th Senatorial District","Republican","RAJA, D","56,432","0","0","","","","","","","","",""
"2012 General Election","ALLEGHENY","Senator in the General Assembly","37th Senatorial District","Democratic","SMITH, MATT","66,134","0","0","","","","","","","","",""
"2012 General Election","ALLEGHENY","Senator in the General Assembly","43rd Senatorial District","Democratic","COSTA, JR, JAY","94,779","0","0","","","","","","","","",""
"2012 General Election","ALLEGHENY","Senator in the General Assembly","45th Senatorial District","Democratic","BREWSTER, JAMES R","59,674","0","0","","","","","","","","",""
"2012 General Election","ALLEGHENY","Senator in the General Assembly","47th Senatorial District","Republican","VOGEL, JR, ELDER A","682","0","0","","","","","","","","",""
"2012 General Election","ALLEGHENY","Senator in the General Assembly","47th Senatorial District","Democratic","VILLELLA, KIMBERLY PAZZANITA","519","0","0","","","","","","","","",""
"2012 General Election","ALLEGHENY","Representative in the General Assembly","16th Legislative District","Republican","CODER, KATHY","6,944","0","0","","","","","","","","",""
"2012 General Election","ALLEGHENY","Representative in the General Assembly","16th Legislative District","Democratic","MATZIE, ROBERT F","5,725","0","0","","","","","","","","",""
"2012 General Election","ALLEGHENY","Representative in the General Assembly","19th Legislative District","Democratic","WHEATLEY, JAKE","20,942","0","0","","","","","","","","",""
"2012 General Election","ALLEGHENY","Representative in the General Assembly","20th Legislative District","Democratic","RAVENSTAHL, ADAM J","19,909","0","0","","","","","","","","",""
"2012 General Election","ALLEGHENY","Representative in the General Assembly","20th Legislative District","Constitution","BARR, JAMES W","4,453","0","0","","","","","","","","",""
"2012 General Election","ALLEGHENY","Representative in the General Assembly","21st Legislative District","Democratic","COSTA, DOM","22,772","0","0","","","","","","","","",""
"2012 General Election","ALLEGHENY","Representative in the General Assembly","22nd Legislative District","Republican","CRATSLEY, CHRIS","9,292","0","0","","","","","","","","",""
"2012 General Election","ALLEGHENY","Representative in the General Assembly","22nd Legislative District","Democratic","MOLCHANY, ERIN C","17,512","0","0","","","","","","","","",""
"2012 General Election","ALLEGHENY","Representative in the General Assembly","23rd Legislative District","Democratic","FRANKEL, DAN B","26,742","0","0","","","","","","","","",""
"2012 General Election","ALLEGHENY","Representative in the General Assembly","24th Legislative District","Democratic","GAINEY, ED","26,032","0","0","","","","","","","","",""
"2012 General Election","ALLEGHENY","Representative in the General Assembly","25th Legislative District","Republican","DOYLE, MIKE","10,451","0","0","","","","","","","","",""
"2012 General Election","ALLEGHENY","Representative in the General Assembly","25th Legislative District","Democratic","MARKOSEK, JOSEPH","13,840","0","0","","","","","","","","",""
"2012 General Election","ALLEGHENY","Representative in the General Assembly","27th Legislative District","Democratic","DEASY, JR, DANIEL J","21,034","0","0","","","","","","","","",""
"2012 General Election","ALLEGHENY","Representative in the General Assembly","28th Legislative District","Republican","TURZAI, MIKE","30,236","0","0","","","","","","","","",""
"2012 General Election","ALLEGHENY","Representative in the General Assembly","30th Legislative District","Republican","ENGLISH, HAL","19,945","0","0","","","","","","","","",""
"2012 General Election","ALLEGHENY","Representative in the General Assembly","30th Legislative District","Democratic","TUSICK, DAVID T","15,252","0","0","","","","","","","","",""
"2012 General Election","ALLEGHENY","Representative in the General Assembly","32nd Legislative District","Republican","PALADIN, JR, LAWRENCE G","7,229","0","0","","","","","","","","",""
"2012 General Election","ALLEGHENY","Representative in the General Assembly","32nd Legislative District","Democratic","DELUCA, ANTHONY M","21,597","0","0","","","","","","","","",""
"2012 General Election","ALLEGHENY","Representative in the General Assembly","33rd Legislative District","Republican","VAEREWYCK, GERRY","11,203","0","0","","","","","","","","",""
"2012 General Election","ALLEGHENY","Representative in the General Assembly","33rd Legislative District","Democratic","DERMODY, FRANK","16,101","0","0","","","","","","","","",""
"2012 General Election","ALLEGHENY","Representative in the General Assembly","34th Legislative District","Democratic","COSTA, PAUL","23,511","0","0","","","","","","","","",""
"2012 General Election","ALLEGHENY","Representative in the General Assembly","35th Legislative District","Democratic","GERGELY, MARC J","19,473","0","0","","","","","","","","",""
"2012 General Election","ALLEGHENY","Representative in the General Assembly","36th Legislative District","Democratic","READSHAW, HARRY","21,798","0","0","","","","","","","","",""
"2012 General Election","ALLEGHENY","Representative in the General Assembly","38th Legislative District","Democratic","KORTZ, BILL","21,031","0","0","","","","","","","","",""
"2012 General Election","ALLEGHENY","Representative in the General Assembly","39th Legislative District","Republican","SACCONE, RICK","11,106","0","0","","","","","","","","",""
"2012 General Election","ALLEGHENY","Representative in the General Assembly","39th Legislative District","Democratic","LEVDANSKY, DAVE","11,420","0","0","","","","","","","","",""
"2012 General Election","ALLEGHENY","Representative in the General Assembly","40th Legislative District","Republican","MAHER, JOHN","18,292","0","0","","","","","","","","",""
"2012 General Election","ALLEGHENY","Representative in the General Assembly","42nd Legislative District","Republican / Democratic","SMITH, MATT","30,826","0","0","","","","","","","","",""
"2012 General Election","ALLEGHENY","Representative in the General Assembly","44th Legislative District","Republican","MUSTIO, MARK","21,581","0","0","","","","","","","","",""
"2012 General Election","ALLEGHENY","Representative in the General Assembly","44th Legislative District","Democratic","SCAPPE, MARK","13,259","0","0","","","","","","","","",""
"2012 General Election","ALLEGHENY","Representative in the General Assembly","45th Legislative District","Republican","KIME, AARON L","10,211","0","0","","","","","","","","",""
"2012 General Election","ALLEGHENY","Representative in the General Assembly","45th Legislative District","Democratic","KOTIK, NICK M","19,735","0","0","","","","","","","","",""
"2012 General Election","ALLEGHENY","Representative in the General Assembly","46th Legislative District","Republican / Democratic","WHITE, JESSE J","1,637","0","0","","","","","","","","",""
"2012 General Election","ARMSTRONG","Senator in the General Assembly","41st Senatorial District","Republican","WHITE, DON","19,060","0","0","","","","","","","","",""
"2012 General Election","ARMSTRONG","Representative in the General Assembly","54th Legislative District","Republican","EVANKOVICH, ELI","1,833","0","0","","","","","","","","",""
"2012 General Election","ARMSTRONG","Representative in the General Assembly","54th Legislative District","Democratic","LEYLAND, PATRICK J","1,067","0","0","","","","","","","","",""
"2012 General Election","ARMSTRONG","Representative in the General Assembly","55th Legislative District","Republican","HAUSER, JOHN","317","0","0","","","","","","","","",""
"2012 General Election","ARMSTRONG","Representative in the General Assembly","55th Legislative District","Democratic","PETRARCA, JOSEPH A","540","0","0","","","","","","","","",""
"2012 General Election","ARMSTRONG","Representative in the General Assembly","60th Legislative District","Republican","PYLE, JEFF PAUL","11,708","0","0","","","","","","","","",""
"2012 General Election","ARMSTRONG","Representative in the General Assembly","60th Legislative District","Democratic","BOWMAN, JO ELLEN","6,566","0","0","","","","","","","","",""
"2012 General Election","ARMSTRONG","Representative in the General Assembly","63rd Legislative District","Republican / Democratic","OBERLANDER, DONNA","6,630","0","0","","","","","","","","",""
"2012 General Election","ARMSTRONG","Representative in the General Assembly","66th Legislative District","Republican","SMITH, SAM","369","0","0","","","","","","","","",""
"2012 General Election","BEAVER","Senator in the General Assembly","47th Senatorial District","Republican","VOGEL, JR, ELDER A","43,140","0","0","","","","","","","","",""
"2012 General Election","BEAVER","Senator in the General Assembly","47th Senatorial District","Democratic","VILLELLA, KIMBERLY PAZZANITA","31,049","0","0","","","","","","","","",""
"2012 General Election","BEAVER","Representative in the General Assembly","9th Legislative District","Republican","MURTHA, JASON T","549","0","0","","","","","","","","",""
"2012 General Election","BEAVER","Representative in the General Assembly","9th Legislative District","Democratic","SAINATO, CHRISTOPHER","339","0","0","","","","","","","","",""
"2012 General Election","BEAVER","Representative in the General Assembly","10th Legislative District","Republican","SEE, MICHAEL K","4,631","0","0","","","","","","","","",""
"2012 General Election","BEAVER","Representative in the General Assembly","10th Legislative District","Democratic","GIBBONS, JARET A","4,048","0","0","","","","","","","","",""
"2012 General Election","BEAVER","Representative in the General Assembly","14th Legislative District","Republican / Democratic","MARSHALL, JIM","23,250","0","0","","","","","","","","",""
"2012 General Election","BEAVER","Representative in the General Assembly","15th Legislative District","Republican","CHRISTIANA, JAMES  J","17,473","0","0","","","","","","","","",""
"2012 General Election","BEAVER","Representative in the General Assembly","15th Legislative District","Democratic","WILLIAMS, ROBERT O","11,144","0","0","","","","","","","","",""
"2012 General Election","BEAVER","Representative in the General Assembly","16th Legislative District","Republican","CODER, KATHY","5,425","0","0","","","","","","","","",""
"2012 General Election","BEAVER","Representative in the General Assembly","16th Legislative District","Democratic","MATZIE, ROBERT F","10,073","0","0","","","","","","","","",""
"2012 General Election","BEAVER","Representative in the General Assembly","46th Legislative District","Republican / Democratic","WHITE, JESSE J","1,555","0","0","","","","","","","","",""
"2012 General Election","BEDFORD","Representative in the General Assembly","69th Legislative District","Republican / Democratic","METZGAR, CARL W","2,942","0","0","","","","","","","","",""
"2012 General Election","BEDFORD","Representative in the General Assembly","78th Legislative District","Republican / Democratic","HESS, DICK L","17,965","0","0","","","","","","","","",""
"2012 General Election","BERKS","Senator in the General Assembly","11th Senatorial District","Republican","MOGEL, KAREN L","35,318","0","0","","","","","","","","",""
"2012 General Election","BERKS","Senator in the General Assembly","11th Senatorial District","Democratic","SCHWANK, JUDY","63,796","0","0","","","","","","","","",""
"2012 General Election","BERKS","Senator in the General Assembly","29th Senatorial District","Republican","ARGALL, DAVID G","7,002","0","0","","","","","","","","",""
"2012 General Election","BERKS","Senator in the General Assembly","29th Senatorial District","Democratic","SEIP, TIM","3,793","0","0","","","","","","","","",""
"2012 General Election","BERKS","Representative in the General Assembly","124th Legislative District","Republican","KNOWLES, JERRY","8,435","0","0","","","","","","","","",""
"2012 General Election","BERKS","Representative in the General Assembly","124th Legislative District","Independent","PICCIANO, DANTE","1,664","0","0","","","","","","","","",""
"2012 General Election","BERKS","Representative in the General Assembly","125th Legislative District","Republican","TOBASH, MIKE G","2,732","0","0","","","","","","","","",""
"2012 General Election","BERKS","Representative in the General Assembly","125th Legislative District","Democratic","HARMAN, VICKI","1,412","0","0","","","","","","","","",""
"2012 General Election","BERKS","Representative in the General Assembly","126th Legislative District","Republican","BILLMAN, JAMES R","7,119","0","0","","","","","","","","",""
"2012 General Election","BERKS","Representative in the General Assembly","126th Legislative District","Democratic","ROZZI, MARK","16,811","0","0","","","","","","","","",""
"2012 General Election","BERKS","Representative in the General Assembly","127th Legislative District","Democratic","CALTAGIRONE, THOMAS R","14,291","0","0","","","","","","","","",""
"2012 General Election","BERKS","Representative in the General Assembly","128th Legislative District","Republican","GILLEN, MARK M","24,640","0","0","","","","","","","","",""
"2012 General Election","BERKS","Representative in the General Assembly","129th Legislative District","Republican","COX, JIM","17,926","0","0","","","","","","","","",""
"2012 General Election","BERKS","Representative in the General Assembly","129th Legislative District","Democratic","SAAR, ERIK","12,245","0","0","","","","","","","","",""
"2012 General Election","BERKS","Representative in the General Assembly","130th Legislative District","Republican","MALONEY, DAVID  M","19,903","0","0","","","","","","","","",""
"2012 General Election","BERKS","Representative in the General Assembly","130th Legislative District","Democratic","DIESINGER, RUSSELL JAMES","11,743","0","0","","","","","","","","",""
"2012 General Election","BERKS","Representative in the General Assembly","134th Legislative District","Republican","MACKENZIE, RYAN E","2,793","0","0","","","","","","","","",""
"2012 General Election","BERKS","Representative in the General Assembly","134th Legislative District","Democratic","REYNARD, JOHN","1,658","0","0","","","","","","","","",""
"2012 General Election","BERKS","Representative in the General Assembly","187th Legislative District","Republican","DAY, GARY W","4,873","0","0","","","","","","","","",""
"2012 General Election","BERKS","Representative in the General Assembly","187th Legislative District","Democratic","HAAS, JOSEPH M","3,810","0","0","","","","","","","","",""
"2012 General Election","BLAIR","Representative in the General Assembly","79th Legislative District","Republican","MCGINNIS, JOHN D","11,935","0","0","","","","","","","","",""
"2012 General Election","BLAIR","Representative in the General Assembly","79th Legislative District","Democratic","FLAREND, RICHARD","9,752","0","0","","","","","","","","",""
"2012 General Election","BLAIR","Representative in the General Assembly","80th Legislative District","Republican","STERN, JERRY ALLEN","23,152","0","0","","","","","","","","",""
"2012 General Election","BLAIR","Representative in the General Assembly","81st Legislative District","Republican","FLECK, MICHAEL E","1,645","0","0","","","","","","","","",""
"2012 General Election","BRADFORD","Senator in the General Assembly","23rd Senatorial District","Republican","YAW, GENE","16,340","0","0","","","","","","","","",""
"2012 General Election","BRADFORD","Senator in the General Assembly","23rd Senatorial District","Democratic","CLEVELAND, LUANA","6,419","0","0","","","","","","","","",""
"2012 General Election","BRADFORD","Representative in the General Assembly","68th Legislative District","Republican / Democratic","BAKER, MATTHEW E","6,400","0","0","","","","","","","","",""
"2012 General Election","BRADFORD","Representative in the General Assembly","110th Legislative District","Republican","PICKETT, TINA L","14,482","0","0","","","","","","","","",""
"2012 General Election","BUCKS","Representative in the General Assembly","18th Legislative District","Republican","DIGIROLAMO, GENE D","18,838","0","0","","","","","","","","",""
"2012 General Election","BUCKS","Representative in the General Assembly","29th Legislative District","Republican","O'NEILL, BERNIE","20,970","0","0","","","","","","","","",""
"2012 General Election","BUCKS","Representative in the General Assembly","29th Legislative District","Democratic","MUNROE, BRIAN","14,998","0","0","","","","","","","","",""
"2012 General Election","BUCKS","Representative in the General Assembly","31st Legislative District","Republican","CHAPMAN, ANNE M","15,105","0","0","","","","","","","","",""
"2012 General Election","BUCKS","Representative in the General Assembly","31st Legislative District","Democratic","SANTARSIERO, STEVEN J","20,640","0","0","","","","","","","","",""
"2012 General Election","BUCKS","Representative in the General Assembly","140th Legislative District","Republican","DAVID , ERIC","6,777","0","0","","","","","","","","",""
"2012 General Election","BUCKS","Representative in the General Assembly","140th Legislative District","Democratic","GALLOWAY, JOHN T","18,465","0","0","","","","","","","","",""
"2012 General Election","BUCKS","Representative in the General Assembly","141st Legislative District","Republican","SPOSATO, ANTHONY","6,671","0","0","","","","","","","","",""
"2012 General Election","BUCKS","Representative in the General Assembly","141st Legislative District","Democratic","DAVIS, TINA","17,630","0","0","","","","","","","","",""
"2012 General Election","BUCKS","Representative in the General Assembly","142nd Legislative District","Republican","FARRY, FRANK A","20,596","0","0","","","","","","","","",""
"2012 General Election","BUCKS","Representative in the General Assembly","143rd Legislative District","Republican","QUINN, MARGUERITE","21,483","0","0","","","","","","","","",""
"2012 General Election","BUCKS","Representative in the General Assembly","143rd Legislative District","Democratic","FREDERICK, JOSEPH","13,280","0","0","","","","","","","","",""
"2012 General Election","BUCKS","Representative in the General Assembly","144th Legislative District","Republican","WATSON, KATHARINE M","25,604","0","0","","","","","","","","",""
"2012 General Election","BUCKS","Representative in the General Assembly","145th Legislative District","Republican","CLYMER, PAUL I","19,692","0","0","","","","","","","","",""
"2012 General Election","BUCKS","Representative in the General Assembly","145th Legislative District","Democratic","WHITESELL, MARY A","10,739","0","0","","","","","","","","",""
"2012 General Election","BUCKS","Representative in the General Assembly","178th Legislative District","Republican","PETRI, SCOTT A","24,906","0","0","","","","","","","","",""
"2012 General Election","BUTLER","Senator in the General Assembly","21st Senatorial District","Republican","HUTCHINSON, SCOTT E","21,402","0","0","","","","","","","","",""
"2012 General Election","BUTLER","Senator in the General Assembly","41st Senatorial District","Republican","WHITE, DON","11,572","0","0","","","","","","","","",""
"2012 General Election","BUTLER","Representative in the General Assembly","8th Legislative District","Republican","STEVENSON, DICK","15,924","0","0","","","","","","","","",""
"2012 General Election","BUTLER","Representative in the General Assembly","10th Legislative District","Republican","SEE, MICHAEL K","1,630","0","0","","","","","","","","",""
"2012 General Election","BUTLER","Representative in the General Assembly","10th Legislative District","Democratic","GIBBONS, JARET A","1,675","0","0","","","","","","","","",""
"2012 General Election","BUTLER","Representative in the General Assembly","11th Legislative District","Republican / Democratic","ELLIS, BRIAN L","25,433","0","0","","","","","","","","",""
"2012 General Election","BUTLER","Representative in the General Assembly","12th Legislative District","Republican","METCALFE, DARYL","29,567","0","0","","","","","","","","",""
"2012 General Election","BUTLER","Representative in the General Assembly","64th Legislative District","Republican","JAMES, R LEE","1,354","0","0","","","","","","","","",""
"2012 General Election","CAMBRIA","Senator in the General Assembly","35th Senatorial District","Republican","HOUSER, TIMOTHY P","29,155","0","0","","","","","","","","",""
"2012 General Election","CAMBRIA","Senator in the General Assembly","35th Senatorial District","Democratic","WOZNIAK, JOHN N","30,697","0","0","","","","","","","","",""
"2012 General Election","CAMBRIA","Representative in the General Assembly","71st Legislative District","Republican","STALLEY, SHERRY L","10,346","0","0","","","","","","","","",""
"2012 General Election","CAMBRIA","Representative in the General Assembly","71st Legislative District","Democratic","BARBIN, BRYAN E","13,023","0","0","","","","","","","","",""
"2012 General Election","CAMBRIA","Representative in the General Assembly","72nd Legislative District","Democratic","BURNS, FRANK J","11,843","0","0","","","","","","","","",""
"2012 General Election","CAMBRIA","Representative in the General Assembly","73rd Legislative District","Republican","WILSON, RANDALL J","8,333","0","0","","","","","","","","",""
"2012 General Election","CAMBRIA","Representative in the General Assembly","73rd Legislative District","Democratic","HALUSKA, GARY","13,906","0","0","","","","","","","","",""
"2012 General Election","CAMERON","Senator in the General Assembly","25th Senatorial District","Republican","SCARNATI, III, JOSEPH B","1,720","0","0","","","","","","","","",""
"2012 General Election","CAMERON","Representative in the General Assembly","67th Legislative District","Republican","CAUSER, MARTIN T","1,733","0","0","","","","","","","","",""
"2012 General Election","CARBON","Senator in the General Assembly","29th Senatorial District","Republican","ARGALL, DAVID G","7,347","0","0","","","","","","","","",""
"2012 General Election","CARBON","Senator in the General Assembly","29th Senatorial District","Democratic","SEIP, TIM","4,669","0","0","","","","","","","","",""
"2012 General Election","CARBON","Representative in the General Assembly","122nd Legislative District","Republican","HEFFLEY, DOYLE M","15,006","0","0","","","","","","","","",""
"2012 General Election","CARBON","Representative in the General Assembly","122nd Legislative District","Democratic","RABENOLD, RONALD J","10,403","0","0","","","","","","","","",""
"2012 General Election","CENTRE","Senator in the General Assembly","35th Senatorial District","Republican","HOUSER, TIMOTHY P","1,191","0","0","","","","","","","","",""
"2012 General Election","CENTRE","Senator in the General Assembly","35th Senatorial District","Democratic","WOZNIAK, JOHN N","1,460","0","0","","","","","","","","",""
"2012 General Election","CENTRE","Representative in the General Assembly","76th Legislative District","Democratic","HANNA, MIKE","6,184","0","0","","","","","","","","",""
"2012 General Election","CENTRE","Representative in the General Assembly","77th Legislative District","Republican","REESE, RON","10,595","0","0","","","","","","","","",""
"2012 General Election","CENTRE","Representative in the General Assembly","77th Legislative District","Democratic","CONKLIN, H SCOTT","20,126","0","0","","","","","","","","",""
"2012 General Election","CENTRE","Representative in the General Assembly","171st Legislative District","Republican","BENNINGHOFF, KERRY A","17,667","0","0","","","","","","","","",""
"2012 General Election","CENTRE","Representative in the General Assembly","171st Legislative District","Democratic","LEE, CHRISTOPHER G","10,388","0","0","","","","","","","","",""
"2012 General Election","CHESTER","Senator in the General Assembly","9th Senatorial District","Republican","PILEGGI, DOMINIC F","31,782","0","0","","","","","","","","",""
"2012 General Election","CHESTER","Senator in the General Assembly","9th Senatorial District","Democratic","WORRELL, PATRICIA  L","20,802","0","0","","","","","","","","",""
"2012 General Election","CHESTER","Senator in the General Assembly","19th Senatorial District","Republican","AMENTAS, CHRISTOPHER J","56,064","0","0","","","","","","","","",""
"2012 General Election","CHESTER","Senator in the General Assembly","19th Senatorial District","Democratic","DINNIMAN, ANDREW E","77,619","0","0","","","","","","","","",""
"2012 General Election","CHESTER","Representative in the General Assembly","13th Legislative District","Republican","LAWRENCE, JOHN","17,855","0","0","","","","","","","","",""
"2012 General Election","CHESTER","Representative in the General Assembly","13th Legislative District","Democratic","SCHOTT, ERIC S","15,672","0","0","","","","","","","","",""
"2012 General Election","CHESTER","Representative in the General Assembly","26th Legislative District","Republican","HENNESSEY, TIM","18,058","0","0","","","","","","","","",""
"2012 General Election","CHESTER","Representative in the General Assembly","26th Legislative District","Democratic","HAYS, MIKE D","14,033","0","0","","","","","","","","",""
"2012 General Election","CHESTER","Representative in the General Assembly","155th Legislative District","Republican","CORBIN, BECKY","19,787","0","0","","","","","","","","",""
"2012 General Election","CHESTER","Representative in the General Assembly","155th Legislative District","Democratic","MAXWELL, JOSH A","17,131","0","0","","","","","","","","",""
"2012 General Election","CHESTER","Representative in the General Assembly","156th Legislative District","Republican","TRUITT, DAN","17,080","0","0","","","","","","","","",""
"2012 General Election","CHESTER","Representative in the General Assembly","156th Legislative District","Democratic","BINDER, BRET M","16,193","0","0","","","","","","","","",""
"2012 General Election","CHESTER","Representative in the General Assembly","157th Legislative District","Republican","KAMPF, WARREN E","14,603","0","0","","","","","","","","",""
"2012 General Election","CHESTER","Representative in the General Assembly","157th Legislative District","Democratic","DRUCKER, PAUL J","14,209","0","0","","","","","","","","",""
"2012 General Election","CHESTER","Representative in the General Assembly","158th Legislative District","Republican","ROSS, CHRIS","19,736","0","0","","","","","","","","",""
"2012 General Election","CHESTER","Representative in the General Assembly","158th Legislative District","Democratic","RZUCIDLO, SUSAN F","14,037","0","0","","","","","","","","",""
"2012 General Election","CHESTER","Representative in the General Assembly","160th Legislative District","Republican","BARRAR, STEPHEN E","4,703","0","0","","","","","","","","",""
"2012 General Election","CHESTER","Representative in the General Assembly","167th Legislative District","Republican","MILNE, DUANE D","20,822","0","0","","","","","","","","",""
"2012 General Election","CHESTER","Representative in the General Assembly","167th Legislative District","Democratic","BRODERICK, ROB","14,781","0","0","","","","","","","","",""
"2012 General Election","CHESTER","Representative in the General Assembly","168th Legislative District","Republican","KILLION, THOMAS H","3,556","0","0","","","","","","","","",""
"2012 General Election","CHESTER","Representative in the General Assembly","168th Legislative District","Democratic","ALOIS, BETH","2,408","0","0","","","","","","","","",""
"2012 General Election","CLARION","Senator in the General Assembly","21st Senatorial District","Republican","HUTCHINSON, SCOTT E","13,334","0","0","","","","","","","","",""
"2012 General Election","CLARION","Representative in the General Assembly","63rd Legislative District","Republican / Democratic","OBERLANDER, DONNA","15,439","0","0","","","","","","","","",""
"2012 General Election","CLEARFIELD","Senator in the General Assembly","25th Senatorial District","Republican","SCARNATI, III, JOSEPH B","12,405","0","0","","","","","","","","",""
"2012 General Election","CLEARFIELD","Senator in the General Assembly","35th Senatorial District","Republican","HOUSER, TIMOTHY P","5,089","0","0","","","","","","","","",""
"2012 General Election","CLEARFIELD","Senator in the General Assembly","35th Senatorial District","Democratic","WOZNIAK, JOHN N","4,978","0","0","","","","","","","","",""
"2012 General Election","CLEARFIELD","Senator in the General Assembly","41st Senatorial District","Republican","WHITE, DON","5,101","0","0","","","","","","","","",""
"2012 General Election","CLEARFIELD","Representative in the General Assembly","74th Legislative District","Republican","SANKEY, III, THOMAS R","13,391","0","0","","","","","","","","",""
"2012 General Election","CLEARFIELD","Representative in the General Assembly","74th Legislative District","Democratic","MCCRACKEN, MARK B","8,595","0","0","","","","","","","","",""
"2012 General Election","CLEARFIELD","Representative in the General Assembly","75th Legislative District","Republican","GABLER, MATT","8,470","0","0","","","","","","","","",""
"2012 General Election","CLINTON","Senator in the General Assembly","35th Senatorial District","Republican","HOUSER, TIMOTHY P","6,496","0","0","","","","","","","","",""
"2012 General Election","CLINTON","Senator in the General Assembly","35th Senatorial District","Democratic","WOZNIAK, JOHN N","6,492","0","0","","","","","","","","",""
"2012 General Election","CLINTON","Representative in the General Assembly","76th Legislative District","Democratic","HANNA, MIKE","10,659","0","0","","","","","","","","",""
"2012 General Election","COLUMBIA","Senator in the General Assembly","27th Senatorial District","Republican","GORDNER, JOHN R","20,396","0","0","","","","","","","","",""
"2012 General Election","COLUMBIA","Representative in the General Assembly","107th Legislative District","Republican","MASSER, KURT A","597","0","0","","","","","","","","",""
"2012 General Election","COLUMBIA","Representative in the General Assembly","107th Legislative District","Democratic","YEAGER, TED T","385","0","0","","","","","","","","",""
"2012 General Election","COLUMBIA","Representative in the General Assembly","109th Legislative District","Republican","MILLARD, DAVID R","12,851","0","0","","","","","","","","",""
"2012 General Election","COLUMBIA","Representative in the General Assembly","109th Legislative District","Democratic","KNORR, II, DANIEL D","10,728","0","0","","","","","","","","",""
"2012 General Election","COLUMBIA","Representative in the General Assembly","117th Legislative District","Republican / Democratic","BOBACK, KAREN","732","0","0","","","","","","","","",""
"2012 General Election","CRAWFORD","Representative in the General Assembly","5th Legislative District","Republican","LUCAS, GREG","3,833","0","0","","","","","","","","",""
"2012 General Election","CRAWFORD","Representative in the General Assembly","5th Legislative District","Democratic","WHITE, JASON G","2,450","0","0","","","","","","","","",""
"2012 General Election","CRAWFORD","Representative in the General Assembly","6th Legislative District","Republican","ROAE, BRAD","16,903","0","0","","","","","","","","",""
"2012 General Election","CRAWFORD","Representative in the General Assembly","17th Legislative District","Republican","BROOKS, MICHELE","5,198","0","0","","","","","","","","",""
"2012 General Election","CUMBERLAND","Senator in the General Assembly","31st Senatorial District","Republican / Democratic","VANCE, PATRICIA H","103,832","0","0","","","","","","","","",""
"2012 General Election","CUMBERLAND","Representative in the General Assembly","87th Legislative District","Republican","GRELL, GLEN  R","29,791","0","0","","","","","","","","",""
"2012 General Election","CUMBERLAND","Representative in the General Assembly","88th Legislative District","Republican","DELOZIER, SHERYL MCVITTY","25,453","0","0","","","","","","","","",""
"2012 General Election","CUMBERLAND","Representative in the General Assembly","89th Legislative District","Republican","KAUFFMAN, ROB","2,839","0","0","","","","","","","","",""
"2012 General Election","CUMBERLAND","Representative in the General Assembly","89th Legislative District","Democratic","SPICKA, SUSAN J","2,827","0","0","","","","","","","","",""
"2012 General Election","CUMBERLAND","Representative in the General Assembly","92nd Legislative District","Republican","REGAN, MIKE","5,569","0","0","","","","","","","","",""
"2012 General Election","CUMBERLAND","Representative in the General Assembly","92nd Legislative District","Democratic","COMREY, CHARLES R","2,376","0","0","","","","","","","","",""
"2012 General Election","CUMBERLAND","Representative in the General Assembly","199th Legislative District","Republican","BLOOM, STEPHEN","21,567","0","0","","","","","","","","",""
"2012 General Election","DAUPHIN","Senator in the General Assembly","15th Senatorial District","Republican","MCNALLY, JOHN","51,160","0","0","","","","","","","","",""
"2012 General Election","DAUPHIN","Senator in the General Assembly","15th Senatorial District","Democratic","TEPLITZ, ROB","57,689","0","0","","","","","","","","",""
"2012 General Election","DAUPHIN","Senator in the General Assembly","27th Senatorial District","Republican","GORDNER, JOHN R","5,468","0","0","","","","","","","","",""
"2012 General Election","DAUPHIN","Representative in the General Assembly","98th Legislative District","Republican","HICKERNELL, DAVID S","2,682","0","0","","","","","","","","",""
"2012 General Election","DAUPHIN","Representative in the General Assembly","103rd Legislative District","Democratic","KIM, PATTY H","19,595","0","0","","","","","","","","",""
"2012 General Election","DAUPHIN","Representative in the General Assembly","104th Legislative District","Republican","HELM, SUSAN C SUE","16,047","0","0","","","","","","","","",""
"2012 General Election","DAUPHIN","Representative in the General Assembly","104th Legislative District","Democratic","DIETZ, CHRISTOPHER C","13,393","0","0","","","","","","","","",""
"2012 General Election","DAUPHIN","Representative in the General Assembly","105th Legislative District","Republican","MARSICO, RON","22,755","0","0","","","","","","","","",""
"2012 General Election","DAUPHIN","Representative in the General Assembly","105th Legislative District","Democratic","MCENTEE, KELLY JEAN","12,225","0","0","","","","","","","","",""
"2012 General Election","DAUPHIN","Representative in the General Assembly","106th Legislative District","Republican","PAYNE, JOHN D","18,768","0","0","","","","","","","","",""
"2012 General Election","DAUPHIN","Representative in the General Assembly","106th Legislative District","Democratic","KAMARA, OSMAN","10,210","0","0","","","","","","","","",""
"2012 General Election","DELAWARE","Senator in the General Assembly","9th Senatorial District","Republican","PILEGGI, DOMINIC F","41,221","0","0","","","","","","","","",""
"2012 General Election","DELAWARE","Senator in the General Assembly","9th Senatorial District","Democratic","WORRELL, PATRICIA  L","37,967","0","0","","","","","","","","",""
"2012 General Election","DELAWARE","Senator in the General Assembly","17th Senatorial District","Republican","GEHRET, CHARLES HENRY","18,162","0","0","","","","","","","","",""
"2012 General Election","DELAWARE","Senator in the General Assembly","17th Senatorial District","Democratic","LEACH, DAYLIN","23,682","0","0","","","","","","","","",""
"2012 General Election","DELAWARE","Representative in the General Assembly","159th Legislative District","Republican","SCHILIRO, JAMES D","4,435","0","0","","","","","","","","",""
"2012 General Election","DELAWARE","Representative in the General Assembly","159th Legislative District","Democratic","KIRKLAND, THADDEUS","17,535","0","0","","","","","","","","",""
"2012 General Election","DELAWARE","Representative in the General Assembly","160th Legislative District","Republican","BARRAR, STEPHEN E","23,498","0","0","","","","","","","","",""
"2012 General Election","DELAWARE","Representative in the General Assembly","161th Legislative District","Republican","HACKETT, JOE","17,972","0","0","","","","","","","","",""
"2012 General Election","DELAWARE","Representative in the General Assembly","161th Legislative District","Democratic","DEMARCO, LARRY","16,137","0","0","","","","","","","","",""
"2012 General Election","DELAWARE","Representative in the General Assembly","162th Legislative District","Republican / Democratic","MICCARELLI, NICK","25,447","0","0","","","","","","","","",""
"2012 General Election","DELAWARE","Representative in the General Assembly","163th Legislative District","Republican","MICOZZIE, NICHOLAS A","14,432","0","0","","","","","","","","",""
"2012 General Election","DELAWARE","Representative in the General Assembly","163th Legislative District","Democratic","BONNER, SHEAMUS","13,937","0","0","","","","","","","","",""
"2012 General Election","DELAWARE","Representative in the General Assembly","164th Legislative District","Republican","TOOLE, EARL","8,649","0","0","","","","","","","","",""
"2012 General Election","DELAWARE","Representative in the General Assembly","164th Legislative District","Democratic","DAVIDSON, MARGO L","17,240","0","0","","","","","","","","",""
"2012 General Election","DELAWARE","Representative in the General Assembly","165th Legislative District","Republican","ADOLPH, JR, WILLIAM F","19,678","0","0","","","","","","","","",""
"2012 General Election","DELAWARE","Representative in the General Assembly","165th Legislative District","Democratic","FEARN, JEREMY","11,443","0","0","","","","","","","","",""
"2012 General Election","DELAWARE","Representative in the General Assembly","166th Legislative District","Republican","TOAL, BILL","12,637","0","0","","","","","","","","",""
"2012 General Election","DELAWARE","Representative in the General Assembly","166th Legislative District","Democratic","VITALI, GREG","21,611","0","0","","","","","","","","",""
"2012 General Election","DELAWARE","Representative in the General Assembly","168th Legislative District","Republican","KILLION, THOMAS H","16,943","0","0","","","","","","","","",""
"2012 General Election","DELAWARE","Representative in the General Assembly","168th Legislative District","Democratic","ALOIS, BETH","12,502","0","0","","","","","","","","",""
"2012 General Election","DELAWARE","Representative in the General Assembly","185th Legislative District","Democratic","DONATUCCI, MARIA P","6,144","0","0","","","","","","","","",""
"2012 General Election","DELAWARE","Representative in the General Assembly","191st Legislative District","Democratic","WATERS, RONALD  G","5,933","0","0","","","","","","","","",""
"2012 General Election","ELK","Senator in the General Assembly","25th Senatorial District","Republican","SCARNATI, III, JOSEPH B","10,716","0","0","","","","","","","","",""
"2012 General Election","ELK","Representative in the General Assembly","75th Legislative District","Republican","GABLER, MATT","10,994","0","0","","","","","","","","",""
"2012 General Election","ERIE","Senator in the General Assembly","21st Senatorial District","Republican","HUTCHINSON, SCOTT E","11,167","0","0","","","","","","","","",""
"2012 General Election","ERIE","Senator in the General Assembly","49th Senatorial District","Republican","ANDERSON, JANET S","40,592","0","0","","","","","","","","",""
"2012 General Election","ERIE","Senator in the General Assembly","49th Senatorial District","Democratic","WILEY, SEAN D","60,921","0","0","","","","","","","","",""
"2012 General Election","ERIE","Representative in the General Assembly","1st Legislative District","Democratic","HARKINS, PATRICK J","16,970","0","0","","","","","","","","",""
"2012 General Election","ERIE","Representative in the General Assembly","2nd Legislative District","Democratic","FABRIZIO, FLO","19,860","0","0","","","","","","","","",""
"2012 General Election","ERIE","Representative in the General Assembly","3rd Legislative District","Republican","OWEN, JASON","14,208","0","0","","","","","","","","",""
"2012 General Election","ERIE","Representative in the General Assembly","3rd Legislative District","Democratic","BIZZARRO, RYAN A","16,198","0","0","","","","","","","","",""
"2012 General Election","ERIE","Representative in the General Assembly","4th Legislative District","Republican","SONNEY, CURT","18,867","0","0","","","","","","","","",""
"2012 General Election","ERIE","Representative in the General Assembly","5th Legislative District","Republican","LUCAS, GREG","9,609","0","0","","","","","","","","",""
"2012 General Election","ERIE","Representative in the General Assembly","5th Legislative District","Democratic","WHITE, JASON G","8,309","0","0","","","","","","","","",""
"2012 General Election","FAYETTE","Representative in the General Assembly","49th Legislative District","Republican","MASSAFRA, RICHARD J","1,308","0","0","","","","","","","","",""
"2012 General Election","FAYETTE","Representative in the General Assembly","49th Legislative District","Democratic","DALEY, II, PETER J","2,234","0","0","","","","","","","","",""
"2012 General Election","FAYETTE","Representative in the General Assembly","50th Legislative District","Republican","FISCHER, MARK W","1,299","0","0","","","","","","","","",""
"2012 General Election","FAYETTE","Representative in the General Assembly","50th Legislative District","Democratic","SNYDER, PAM","3,233","0","0","","","","","","","","",""
"2012 General Election","FAYETTE","Representative in the General Assembly","51st Legislative District","Republican","GEARING, GARY","7,400","0","0","","","","","","","","",""
"2012 General Election","FAYETTE","Representative in the General Assembly","51st Legislative District","Democratic","MAHONEY, TIM","12,799","0","0","","","","","","","","",""
"2012 General Election","FAYETTE","Representative in the General Assembly","52nd Legislative District","Democratic","KULA, DEBERAH","12,490","0","0","","","","","","","","",""
"2012 General Election","FAYETTE","Representative in the General Assembly","58th Legislative District","Democratic","HARHAI, R TED","987","0","0","","","","","","","","",""
"2012 General Election","FAYETTE","Representative in the General Assembly","59th Legislative District","Republican","REESE, MIKE","1,699","0","0","","","","","","","","",""
"2012 General Election","FAYETTE","Representative in the General Assembly","59th Legislative District","Democratic","ELLENBERGER, HARRIET","706","0","0","","","","","","","","",""
"2012 General Election","FOREST","Senator in the General Assembly","21st Senatorial District","Republican","HUTCHINSON, SCOTT E","1,748","0","0","","","","","","","","",""
"2012 General Election","FOREST","Representative in the General Assembly","65th Legislative District","Republican","RAPP, KATHY L","1,825","0","0","","","","","","","","",""
"2012 General Election","FRANKLIN","Senator in the General Assembly","33rd Senatorial District","Republican","ALLOWAY, II, RICHARD","45,101","0","0","","","","","","","","",""
"2012 General Election","FRANKLIN","Senator in the General Assembly","33rd Senatorial District","Democratic","NEYLON, BRUCE","16,625","0","0","","","","","","","","",""
"2012 General Election","FRANKLIN","Representative in the General Assembly","86th Legislative District","Republican","KELLER, MARK K","5,973","0","0","","","","","","","","",""
"2012 General Election","FRANKLIN","Representative in the General Assembly","89th Legislative District","Republican","KAUFFMAN, ROB","15,394","0","0","","","","","","","","",""
"2012 General Election","FRANKLIN","Representative in the General Assembly","89th Legislative District","Democratic","SPICKA, SUSAN J","9,020","0","0","","","","","","","","",""
"2012 General Election","FRANKLIN","Representative in the General Assembly","90th Legislative District","Republican","ROCK, TODD A","25,983","0","0","","","","","","","","",""
"2012 General Election","FRANKLIN","Representative in the General Assembly","91st Legislative District","Republican","MOUL, DAN P","317","0","0","","","","","","","","",""
"2012 General Election","FULTON","Representative in the General Assembly","78th Legislative District","Republican / Democratic","HESS, DICK L","5,917","0","0","","","","","","","","",""
"2012 General Election","GREENE","Representative in the General Assembly","50th Legislative District","Republican","FISCHER, MARK W","6,118","0","0","","","","","","","","",""
"2012 General Election","GREENE","Representative in the General Assembly","50th Legislative District","Democratic","SNYDER, PAM","8,149","0","0","","","","","","","","",""
"2012 General Election","HUNTINGDON","Representative in the General Assembly","78th Legislative District","Republican / Democratic","HESS, DICK L","982","0","0","","","","","","","","",""
"2012 General Election","HUNTINGDON","Representative in the General Assembly","81st Legislative District","Republican","FLECK, MICHAEL E","13,506","0","0","","","","","","","","",""
"2012 General Election","INDIANA","Senator in the General Assembly","41st Senatorial District","Republican","WHITE, DON","28,322","0","0","","","","","","","","",""
"2012 General Election","INDIANA","Representative in the General Assembly","60th Legislative District","Republican","PYLE, JEFF PAUL","4,530","0","0","","","","","","","","",""
"2012 General Election","INDIANA","Representative in the General Assembly","60th Legislative District","Democratic","BOWMAN, JO ELLEN","2,154","0","0","","","","","","","","",""
"2012 General Election","INDIANA","Representative in the General Assembly","62nd Legislative District","Republican","REED, DAVE","19,358","0","0","","","","","","","","",""
"2012 General Election","INDIANA","Representative in the General Assembly","66th Legislative District","Republican","SMITH, SAM","3,153","0","0","","","","","","","","",""
"2012 General Election","JEFFERSON","Senator in the General Assembly","25th Senatorial District","Republican","SCARNATI, III, JOSEPH B","15,260","0","0","","","","","","","","",""
"2012 General Election","JEFFERSON","Representative in the General Assembly","66th Legislative District","Republican","SMITH, SAM","14,845","0","0","","","","","","","","",""
"2012 General Election","JUNIATA","Representative in the General Assembly","82nd Legislative District","Republican","HARRIS, C ADAM","7,592","0","0","","","","","","","","",""
"2012 General Election","LACKAWANNA","Representative in the General Assembly","112th Legislative District","Republican","NEARHOOD, RAY","5,917","0","0","","","","","","","","",""
"2012 General Election","LACKAWANNA","Representative in the General Assembly","112th Legislative District","Democratic","HAGGERTY, KEVIN M","17,139","0","0","","","","","","","","",""
"2012 General Election","LACKAWANNA","Representative in the General Assembly","113th Legislative District","Democratic","FLYNN, MARTY","19,384","0","0","","","","","","","","",""
"2012 General Election","LACKAWANNA","Representative in the General Assembly","114th Legislative District","Republican / Democratic","KAVULICH, SID MICHAELS","22,047","0","0","","","","","","","","",""
"2012 General Election","LACKAWANNA","Representative in the General Assembly","115th Legislative District","Republican","KANE, THERESA","7,151","0","0","","","","","","","","",""
"2012 General Election","LACKAWANNA","Representative in the General Assembly","115th Legislative District","Democratic","FARINA, FRANK","13,523","0","0","","","","","","","","",""
"2012 General Election","LANCASTER","Senator in the General Assembly","13th Senatorial District","Republican","SMUCKER, LLOYD K","50,036","0","0","","","","","","","","",""
"2012 General Election","LANCASTER","Senator in the General Assembly","13th Senatorial District","Democratic","O'BRIEN, TOM G","42,090","0","0","","","","","","","","",""
"2012 General Election","LANCASTER","Representative in the General Assembly","37th Legislative District","Republican","FEE, MINDY","20,999","0","0","","","","","","","","",""
"2012 General Election","LANCASTER","Representative in the General Assembly","37th Legislative District","Democratic","STAHLEY, RUSSELL U","7,713","0","0","","","","","","","","",""
"2012 General Election","LANCASTER","Representative in the General Assembly","41st Legislative District","Republican","AUMENT, RYAN P","20,183","0","0","","","","","","","","",""
"2012 General Election","LANCASTER","Representative in the General Assembly","41st Legislative District","Democratic","DUBROFF, MARCY","13,562","0","0","","","","","","","","",""
"2012 General Election","LANCASTER","Representative in the General Assembly","43rd Legislative District","Republican","GREINER, KEITH J","18,880","0","0","","","","","","","","",""
"2012 General Election","LANCASTER","Representative in the General Assembly","43rd Legislative District","Democratic","WEIGEL, JOHN M","10,477","0","0","","","","","","","","",""
"2012 General Election","LANCASTER","Representative in the General Assembly","96th Legislative District","Republican","GARMAN, JR, THOMAS","5,493","0","0","","","","","","","","",""
"2012 General Election","LANCASTER","Representative in the General Assembly","96th Legislative District","Democratic","STURLA, MIKE","14,659","0","0","","","","","","","","",""
"2012 General Election","LANCASTER","Representative in the General Assembly","96th Legislative District","Independent","CULBRETH, PAUL","1,581","0","0","","","","","","","","",""
"2012 General Election","LANCASTER","Representative in the General Assembly","97th Legislative District","Republican","MENTZER, STEVEN C","25,071","0","0","","","","","","","","",""
"2012 General Election","LANCASTER","Representative in the General Assembly","98th Legislative District","Republican","HICKERNELL, DAVID S","18,761","0","0","","","","","","","","",""
"2012 General Election","LANCASTER","Representative in the General Assembly","99th Legislative District","Republican","DENLINGER, GORDON R","19,198","0","0","","","","","","","","",""
"2012 General Election","LANCASTER","Representative in the General Assembly","100th Legislative District","Republican","CUTLER, BRYAN D","18,795","0","0","","","","","","","","",""
"2012 General Election","LAWRENCE","Senator in the General Assembly","47th Senatorial District","Republican","VOGEL, JR, ELDER A","13,791","0","0","","","","","","","","",""
"2012 General Election","LAWRENCE","Senator in the General Assembly","47th Senatorial District","Democratic","VILLELLA, KIMBERLY PAZZANITA","11,780","0","0","","","","","","","","",""
"2012 General Election","LAWRENCE","Representative in the General Assembly","9th Legislative District","Republican","MURTHA, JASON T","9,392","0","0","","","","","","","","",""
"2012 General Election","LAWRENCE","Representative in the General Assembly","9th Legislative District","Democratic","SAINATO, CHRISTOPHER","13,452","0","0","","","","","","","","",""
"2012 General Election","LAWRENCE","Representative in the General Assembly","10th Legislative District","Republican","SEE, MICHAEL K","5,859","0","0","","","","","","","","",""
"2012 General Election","LAWRENCE","Representative in the General Assembly","10th Legislative District","Democratic","GIBBONS, JARET A","7,820","0","0","","","","","","","","",""
"2012 General Election","LAWRENCE","Representative in the General Assembly","17th Legislative District","Republican","BROOKS, MICHELE","1,912","0","0","","","","","","","","",""
"2012 General Election","LEBANON","Representative in the General Assembly","101st Legislative District","Republican","GINGRICH, MAUREE","20,618","0","0","","","","","","","","",""
"2012 General Election","LEBANON","Representative in the General Assembly","102nd Legislative District","Republican","SWANGER, ROSEMARIE","24,532","0","0","","","","","","","","",""
"2012 General Election","LEHIGH","Senator in the General Assembly","29th Senatorial District","Republican","ARGALL, DAVID G","4,593","0","0","","","","","","","","",""
"2012 General Election","LEHIGH","Senator in the General Assembly","29th Senatorial District","Democratic","SEIP, TIM","2,927","0","0","","","","","","","","",""
"2012 General Election","LEHIGH","Representative in the General Assembly","131st Legislative District","Republican","SIMMONS, JUSTIN J","13,008","0","0","","","","","","","","",""
"2012 General Election","LEHIGH","Representative in the General Assembly","131st Legislative District","Democratic","DEELY, JR, KEVIN T","12,994","0","0","","","","","","","","",""
"2012 General Election","LEHIGH","Representative in the General Assembly","132nd Legislative District","Democratic","SCHLOSSBERG, MIKE","17,013","0","0","","","","","","","","",""
"2012 General Election","LEHIGH","Representative in the General Assembly","133rd Legislative District","Republican","MOLONY, DAVID","6,564","0","0","","","","","","","","",""
"2012 General Election","LEHIGH","Representative in the General Assembly","133rd Legislative District","Democratic","MCNEILL, DANIEL","10,381","0","0","","","","","","","","",""
"2012 General Election","LEHIGH","Representative in the General Assembly","134th Legislative District","Republican","MACKENZIE, RYAN E","19,567","0","0","","","","","","","","",""
"2012 General Election","LEHIGH","Representative in the General Assembly","134th Legislative District","Democratic","REYNARD, JOHN","13,501","0","0","","","","","","","","",""
"2012 General Election","LEHIGH","Representative in the General Assembly","135th Legislative District","Republican","BARRETO, KENNETH R","2,573","0","0","","","","","","","","",""
"2012 General Election","LEHIGH","Representative in the General Assembly","135th Legislative District","Democratic","SAMUELSON, STEVE","5,571","0","0","","","","","","","","",""
"2012 General Election","LEHIGH","Representative in the General Assembly","183rd Legislative District","Republican","HARHART, JULIE","11,772","0","0","","","","","","","","",""
"2012 General Election","LEHIGH","Representative in the General Assembly","187th Legislative District","Republican","DAY, GARY W","14,142","0","0","","","","","","","","",""
"2012 General Election","LEHIGH","Representative in the General Assembly","187th Legislative District","Democratic","HAAS, JOSEPH M","7,301","0","0","","","","","","","","",""
"2012 General Election","LUZERNE","Senator in the General Assembly","27th Senatorial District","Republican","GORDNER, JOHN R","5,669","0","0","","","","","","","","",""
"2012 General Election","LUZERNE","Representative in the General Assembly","114th Legislative District","Republican / Democratic","KAVULICH, SID MICHAELS","1,642","0","0","","","","","","","","",""
"2012 General Election","LUZERNE","Representative in the General Assembly","116th Legislative District","Republican","TOOHIL , TARAH","14,671","0","0","","","","","","","","",""
"2012 General Election","LUZERNE","Representative in the General Assembly","116th Legislative District","Democratic","YOUNG, RANSOM S","7,157","0","0","","","","","","","","",""
"2012 General Election","LUZERNE","Representative in the General Assembly","117th Legislative District","Republican / Democratic","BOBACK, KAREN","20,163","0","0","","","","","","","","",""
"2012 General Election","LUZERNE","Representative in the General Assembly","118th Legislative District","Republican","O'CONNOR, TERRENCE J","2,808","0","0","","","","","","","","",""
"2012 General Election","LUZERNE","Representative in the General Assembly","118th Legislative District","Democratic","CARROLL, MIKE","9,353","0","0","","","","","","","","",""
"2012 General Election","LUZERNE","Representative in the General Assembly","119th Legislative District","Republican","ARNOLD, RICK","8,456","0","0","","","","","","","","",""
"2012 General Election","LUZERNE","Representative in the General Assembly","119th Legislative District","Democratic","MULLERY, GERALD J","13,132","0","0","","","","","","","","",""
"2012 General Election","LUZERNE","Representative in the General Assembly","120th Legislative District","Republican","KAUFER, AARON D","11,050","0","0","","","","","","","","",""
"2012 General Election","LUZERNE","Representative in the General Assembly","120th Legislative District","Democratic","MUNDY, PHYLLIS","14,133","0","0","","","","","","","","",""
"2012 General Election","LUZERNE","Representative in the General Assembly","121st Legislative District","Democratic","PASHINSKI, EDDIE DAY","15,617","0","0","","","","","","","","",""
"2012 General Election","LYCOMING","Senator in the General Assembly","23rd Senatorial District","Republican","YAW, GENE","32,140","0","0","","","","","","","","",""
"2012 General Election","LYCOMING","Senator in the General Assembly","23rd Senatorial District","Democratic","CLEVELAND, LUANA","13,552","0","0","","","","","","","","",""
"2012 General Election","LYCOMING","Representative in the General Assembly","83rd Legislative District","Republican","ROGERS, JR, HARRY J","9,369","0","0","","","","","","","","",""
"2012 General Election","LYCOMING","Representative in the General Assembly","83rd Legislative District","Democratic","MIRABITO, RICK","13,318","0","0","","","","","","","","",""
"2012 General Election","LYCOMING","Representative in the General Assembly","84th Legislative District","Republican","EVERETT, GARTH D","20,265","0","0","","","","","","","","",""
"2012 General Election","McKEAN","Senator in the General Assembly","25th Senatorial District","Republican","SCARNATI, III, JOSEPH B","11,964","0","0","","","","","","","","",""
"2012 General Election","McKEAN","Representative in the General Assembly","65th Legislative District","Republican","RAPP, KATHY L","2,666","0","0","","","","","","","","",""
"2012 General Election","McKEAN","Representative in the General Assembly","67th Legislative District","Republican","CAUSER, MARTIN T","9,603","0","0","","","","","","","","",""
"2012 General Election","MERCER","Representative in the General Assembly","7th Legislative District","Republican / Democratic","LONGIETTI, MARK","24,586","0","0","","","","","","","","",""
"2012 General Election","MERCER","Representative in the General Assembly","8th Legislative District","Republican","STEVENSON, DICK","7,263","0","0","","","","","","","","",""
"2012 General Election","MERCER","Representative in the General Assembly","17th Legislative District","Republican","BROOKS, MICHELE","12,794","0","0","","","","","","","","",""
"2012 General Election","MIFFLIN","Representative in the General Assembly","81st Legislative District","Republican","FLECK, MICHAEL E","3,276","0","0","","","","","","","","",""
"2012 General Election","MIFFLIN","Representative in the General Assembly","82nd Legislative District","Republican","HARRIS, C ADAM","7,277","0","0","","","","","","","","",""
"2012 General Election","MIFFLIN","Representative in the General Assembly","171st Legislative District","Republican","BENNINGHOFF, KERRY A","2,575","0","0","","","","","","","","",""
"2012 General Election","MIFFLIN","Representative in the General Assembly","171st Legislative District","Democratic","LEE, CHRISTOPHER G","458","0","0","","","","","","","","",""
"2012 General Election","MONROE","Senator in the General Assembly","29th Senatorial District","Republican","ARGALL, DAVID G","4,236","0","0","","","","","","","","",""
"2012 General Election","MONROE","Senator in the General Assembly","29th Senatorial District","Democratic","SEIP, TIM","4,143","0","0","","","","","","","","",""
"2012 General Election","MONROE","Representative in the General Assembly","118th Legislative District","Republican","O'CONNOR, TERRENCE J","6,169","0","0","","","","","","","","",""
"2012 General Election","MONROE","Representative in the General Assembly","118th Legislative District","Democratic","CARROLL, MIKE","7,526","0","0","","","","","","","","",""
"2012 General Election","MONROE","Representative in the General Assembly","139th Legislative District","Republican","PEIFER, MICHAEL T","1,758","0","0","","","","","","","","",""
"2012 General Election","MONROE","Representative in the General Assembly","176th Legislative District","Republican","SCAVELLO, MARIO M","13,506","0","0","","","","","","","","",""
"2012 General Election","MONROE","Representative in the General Assembly","176th Legislative District","Democratic","MADDEN, MAUREEN E","10,906","0","0","","","","","","","","",""
"2012 General Election","MONROE","Representative in the General Assembly","189th Legislative District","Republican","BROWN, ROSEMARY M","10,138","0","0","","","","","","","","",""
"2012 General Election","MONROE","Representative in the General Assembly","189th Legislative District","Democratic","FORREST, ELIZABETH  A","8,228","0","0","","","","","","","","",""
"2012 General Election","MONTGOMERY","Senator in the General Assembly","7th Senatorial District","Democratic","HUGHES, VINCENT J","14,042","0","0","","","","","","","","",""
"2012 General Election","MONTGOMERY","Senator in the General Assembly","17th Senatorial District","Republican","GEHRET, CHARLES HENRY","27,545","0","0","","","","","","","","",""
"2012 General Election","MONTGOMERY","Senator in the General Assembly","17th Senatorial District","Democratic","LEACH, DAYLIN","54,826","0","0","","","","","","","","",""
"2012 General Election","MONTGOMERY","Senator in the General Assembly","19th Senatorial District","Republican","AMENTAS, CHRISTOPHER J","5,850","0","0","","","","","","","","",""
"2012 General Election","MONTGOMERY","Senator in the General Assembly","19th Senatorial District","Democratic","DINNIMAN, ANDREW E","5,970","0","0","","","","","","","","",""
"2012 General Election","MONTGOMERY","Representative in the General Assembly","53rd Legislative District","Republican","GODSHALL, ROBERT W","17,205","0","0","","","","","","","","",""
"2012 General Election","MONTGOMERY","Representative in the General Assembly","53rd Legislative District","Democratic","WYNNE, MICK","11,140","0","0","","","","","","","","",""
"2012 General Election","MONTGOMERY","Representative in the General Assembly","61st Legislative District","Republican","HARPER, KATE M","20,231","0","0","","","","","","","","",""
"2012 General Election","MONTGOMERY","Representative in the General Assembly","61st Legislative District","Democratic","WHITE, JO","14,543","0","0","","","","","","","","",""
"2012 General Election","MONTGOMERY","Representative in the General Assembly","70th Legislative District","Republican","PHILLIPS, JIM","11,235","0","0","","","","","","","","",""
"2012 General Election","MONTGOMERY","Representative in the General Assembly","70th Legislative District","Democratic","BRADFORD, MATTHEW D","20,663","0","0","","","","","","","","",""
"2012 General Election","MONTGOMERY","Representative in the General Assembly","146th Legislative District","Republican","QUIGLEY, THOMAS J","14,680","0","0","","","","","","","","",""
"2012 General Election","MONTGOMERY","Representative in the General Assembly","146th Legislative District","Democratic","PAINTER, MARK","14,888","0","0","","","","","","","","",""
"2012 General Election","MONTGOMERY","Representative in the General Assembly","147th Legislative District","Republican","TOEPEL, MARCY L","18,812","0","0","","","","","","","","",""
"2012 General Election","MONTGOMERY","Representative in the General Assembly","147th Legislative District","Democratic","WHITE, BETTY J","11,846","0","0","","","","","","","","",""
"2012 General Election","MONTGOMERY","Representative in the General Assembly","148th Legislative District","Republican","LUDWIG, MIKE","15,088","0","0","","","","","","","","",""
"2012 General Election","MONTGOMERY","Representative in the General Assembly","148th Legislative District","Democratic","DALEY, MARY JO","21,414","0","0","","","","","","","","",""
"2012 General Election","MONTGOMERY","Representative in the General Assembly","149th Legislative District","Republican","HAMILTON, PERRY","10,772","0","0","","","","","","","","",""
"2012 General Election","MONTGOMERY","Representative in the General Assembly","149th Legislative District","Democratic","BRIGGS, TIM","20,690","0","0","","","","","","","","",""
"2012 General Election","MONTGOMERY","Representative in the General Assembly","150th Legislative District","Republican","VEREB, MIKE A","16,846","0","0","","","","","","","","",""
"2012 General Election","MONTGOMERY","Representative in the General Assembly","150th Legislative District","Democratic","DEVINE, KELLY LYNN","14,182","0","0","","","","","","","","",""
"2012 General Election","MONTGOMERY","Representative in the General Assembly","151st Legislative District","Republican","STEPHENS, TODD","19,153","0","0","","","","","","","","",""
"2012 General Election","MONTGOMERY","Representative in the General Assembly","151st Legislative District","Democratic","SYLIANTENG, WILL","13,217","0","0","","","","","","","","",""
"2012 General Election","MONTGOMERY","Representative in the General Assembly","152nd Legislative District","Republican","MURT, THOMAS P","18,481","0","0","","","","","","","","",""
"2012 General Election","MONTGOMERY","Representative in the General Assembly","152nd Legislative District","Democratic","KOLLA, RONALD ADAM","10,233","0","0","","","","","","","","",""
"2012 General Election","MONTGOMERY","Representative in the General Assembly","153rd Legislative District","Republican","MATTIACCI, NICHOLAS W","11,369","0","0","","","","","","","","",""
"2012 General Election","MONTGOMERY","Representative in the General Assembly","153rd Legislative District","Democratic","DEAN, MADELEINE","20,934","0","0","","","","","","","","",""
"2012 General Election","MONTGOMERY","Representative in the General Assembly","153rd Legislative District","Libertarian","KRAWCHUK, KENNETH V","320","0","0","","","","","","","","",""
"2012 General Election","MONTGOMERY","Representative in the General Assembly","154th Legislative District","Republican","SIRINIDES, MARK","8,231","0","0","","","","","","","","",""
"2012 General Election","MONTGOMERY","Representative in the General Assembly","154th Legislative District","Democratic","MCCARTER, STEVE","25,454","0","0","","","","","","","","",""
"2012 General Election","MONTGOMERY","Representative in the General Assembly","157th Legislative District","Republican","KAMPF, WARREN E","3,180","0","0","","","","","","","","",""
"2012 General Election","MONTGOMERY","Representative in the General Assembly","157th Legislative District","Democratic","DRUCKER, PAUL J","2,803","0","0","","","","","","","","",""
"2012 General Election","MONTGOMERY","Representative in the General Assembly","170th Legislative District","Democratic","BOYLE, BRENDAN F","1,345","0","0","","","","","","","","",""
"2012 General Election","MONTGOMERY","Representative in the General Assembly","194th Legislative District","Republican","BATEMAN, LINDA M. WOLFE","1,857","0","0","","","","","","","","",""
"2012 General Election","MONTGOMERY","Representative in the General Assembly","194th Legislative District","Democratic","DELISSIO, PAMELA A","4,666","0","0","","","","","","","","",""
"2012 General Election","MONTOUR","Senator in the General Assembly","27th Senatorial District","Republican","GORDNER, JOHN R","6,024","0","0","","","","","","","","",""
"2012 General Election","MONTOUR","Representative in the General Assembly","107th Legislative District","Republican","MASSER, KURT A","4,511","0","0","","","","","","","","",""
"2012 General Election","MONTOUR","Representative in the General Assembly","107th Legislative District","Democratic","YEAGER, TED T","3,149","0","0","","","","","","","","",""
"2012 General Election","NORTHAMPTON","Senator in the General Assembly","29th Senatorial District","Republican","ARGALL, DAVID G","2,994","0","0","","","","","","","","",""
"2012 General Election","NORTHAMPTON","Senator in the General Assembly","29th Senatorial District","Democratic","SEIP, TIM","2,224","0","0","","","","","","","","",""
"2012 General Election","NORTHAMPTON","Representative in the General Assembly","131st Legislative District","Republican","SIMMONS, JUSTIN J","1,293","0","0","","","","","","","","",""
"2012 General Election","NORTHAMPTON","Representative in the General Assembly","131st Legislative District","Democratic","DEELY, JR, KEVIN T","878","0","0","","","","","","","","",""
"2012 General Election","NORTHAMPTON","Representative in the General Assembly","133rd Legislative District","Republican","MOLONY, DAVID","773","0","0","","","","","","","","",""
"2012 General Election","NORTHAMPTON","Representative in the General Assembly","133rd Legislative District","Democratic","MCNEILL, DANIEL","3,026","0","0","","","","","","","","",""
"2012 General Election","NORTHAMPTON","Representative in the General Assembly","135th Legislative District","Republican","BARRETO, KENNETH R","5,318","0","0","","","","","","","","",""
"2012 General Election","NORTHAMPTON","Representative in the General Assembly","135th Legislative District","Democratic","SAMUELSON, STEVE","12,722","0","0","","","","","","","","",""
"2012 General Election","NORTHAMPTON","Representative in the General Assembly","136th Legislative District","Democratic","FREEMAN, ROBERT","17,359","0","0","","","","","","","","",""
"2012 General Election","NORTHAMPTON","Representative in the General Assembly","137th Legislative District","Republican","EMRICK, JOE","19,378","0","0","","","","","","","","",""
"2012 General Election","NORTHAMPTON","Representative in the General Assembly","137th Legislative District","Democratic","CAPOZZOLO, JOSEPH H","12,200","0","0","","","","","","","","",""
"2012 General Election","NORTHAMPTON","Representative in the General Assembly","138th Legislative District","Republican","HAHN, MARCIA M","20,405","0","0","","","","","","","","",""
"2012 General Election","NORTHAMPTON","Representative in the General Assembly","138th Legislative District","Democratic","ALTIERI, LESLIE M","12,046","0","0","","","","","","","","",""
"2012 General Election","NORTHAMPTON","Representative in the General Assembly","183rd Legislative District","Republican","HARHART, JULIE","9,449","0","0","","","","","","","","",""
"2012 General Election","NORTHUMBERLAND","Senator in the General Assembly","27th Senatorial District","Republican","GORDNER, JOHN R","25,960","0","0","","","","","","","","",""
"2012 General Election","NORTHUMBERLAND","Representative in the General Assembly","107th Legislative District","Republican","MASSER, KURT A","6,872","0","0","","","","","","","","",""
"2012 General Election","NORTHUMBERLAND","Representative in the General Assembly","107th Legislative District","Democratic","YEAGER, TED T","5,440","0","0","","","","","","","","",""
"2012 General Election","NORTHUMBERLAND","Representative in the General Assembly","108th Legislative District","Republican","SCHLEGEL-CULVER, LYNDA J","17,748","0","0","","","","","","","","",""
"2012 General Election","PERRY","Representative in the General Assembly","86th Legislative District","Republican","KELLER, MARK K","16,360","0","0","","","","","","","","",""
"2012 General Election","PHILADELPHIA","Senator in the General Assembly","1st Senatorial District","Republican","GAMBONE, JR, ALFONSO","20,421","0","0","","","","","","","","",""
"2012 General Election","PHILADELPHIA","Senator in the General Assembly","1st Senatorial District","Democratic","FARNESE, JR, LAWRENCE M","95,612","0","0","","","","","","","","",""
"2012 General Election","PHILADELPHIA","Senator in the General Assembly","3rd Senatorial District","Democratic","KITCHEN, SHIRLEY M","101,151","0","0","","","","","","","","",""
"2012 General Election","PHILADELPHIA","Senator in the General Assembly","5th Senatorial District","Republican","TOMLINSON, MICHAEL J","25,954","0","0","","","","","","","","",""
"2012 General Election","PHILADELPHIA","Senator in the General Assembly","5th Senatorial District","Democratic","STACK, MIKE","65,587","0","0","","","","","","","","",""
"2012 General Election","PHILADELPHIA","Senator in the General Assembly","7th Senatorial District","Democratic","HUGHES, VINCENT J","91,104","0","0","","","","","","","","",""
"2012 General Election","PHILADELPHIA","Representative in the General Assembly","152nd Legislative District","Republican","MURT, THOMAS P","683","0","0","","","","","","","","",""
"2012 General Election","PHILADELPHIA","Representative in the General Assembly","152nd Legislative District","Democratic","KOLLA, RONALD ADAM","716","0","0","","","","","","","","",""
"2012 General Election","PHILADELPHIA","Representative in the General Assembly","154th Legislative District","Republican","SIRINIDES, MARK","78","0","0","","","","","","","","",""
"2012 General Election","PHILADELPHIA","Representative in the General Assembly","154th Legislative District","Democratic","MCCARTER, STEVE","340","0","0","","","","","","","","",""
"2012 General Election","PHILADELPHIA","Representative in the General Assembly","169th Legislative District","Republican","KRALLE, DAVID M","8,435","0","0","","","","","","","","",""
"2012 General Election","PHILADELPHIA","Representative in the General Assembly","169th Legislative District","Democratic","NEILSON, ED","15,825","0","0","","","","","","","","",""
"2012 General Election","PHILADELPHIA","Representative in the General Assembly","170th Legislative District","Democratic","BOYLE, BRENDAN F","17,267","0","0","","","","","","","","",""
"2012 General Election","PHILADELPHIA","Representative in the General Assembly","172nd Legislative District","Republican","TAUBENBERGER, AL","7,961","0","0","","","","","","","","",""
"2012 General Election","PHILADELPHIA","Representative in the General Assembly","172nd Legislative District","Democratic","BOYLE, KEVIN J","16,839","0","0","","","","","","","","",""
"2012 General Election","PHILADELPHIA","Representative in the General Assembly","173rd Legislative District","Democratic","MCGEEHAN, MICHAEL PATRICK","16,033","0","0","","","","","","","","",""
"2012 General Election","PHILADELPHIA","Representative in the General Assembly","174th Legislative District","Democratic","SABATINA, JR, JOHN P","18,230","0","0","","","","","","","","",""
"2012 General Election","PHILADELPHIA","Representative in the General Assembly","175th Legislative District","Democratic","O'BRIEN, MICHAEL H","24,577","0","0","","","","","","","","",""
"2012 General Election","PHILADELPHIA","Representative in the General Assembly","177th Legislative District","Republican","TAYLOR, JOHN J","12,249","0","0","","","","","","","","",""
"2012 General Election","PHILADELPHIA","Representative in the General Assembly","177th Legislative District","Democratic","DUNBAR, WILLIAM F","9,336","0","0","","","","","","","","",""
"2012 General Election","PHILADELPHIA","Representative in the General Assembly","179th Legislative District","Democratic","CLAY, JR, JAMES W","19,109","0","0","","","","","","","","",""
"2012 General Election","PHILADELPHIA","Representative in the General Assembly","180th Legislative District","Democratic","CRUZ, ANGEL L","16,913","0","0","","","","","","","","",""
"2012 General Election","PHILADELPHIA","Representative in the General Assembly","181st Legislative District","Democratic","THOMAS, W. CURTIS","25,275","0","0","","","","","","","","",""
"2012 General Election","PHILADELPHIA","Representative in the General Assembly","182nd Legislative District","Democratic","SIMS, BRIAN K","28,537","0","0","","","","","","","","",""
"2012 General Election","PHILADELPHIA","Representative in the General Assembly","184th Legislative District","Democratic","KELLER, WILLIAM F","19,277","0","0","","","","","","","","",""
"2012 General Election","PHILADELPHIA","Representative in the General Assembly","185th Legislative District","Democratic","DONATUCCI, MARIA P","16,138","0","0","","","","","","","","",""
"2012 General Election","PHILADELPHIA","Representative in the General Assembly","186th Legislative District","Democratic","HARRIS, JORDAN A","26,469","0","0","","","","","","","","",""
"2012 General Election","PHILADELPHIA","Representative in the General Assembly","188th Legislative District","Republican","ADKINS, ERNEST","1,521","0","0","","","","","","","","",""
"2012 General Election","PHILADELPHIA","Representative in the General Assembly","188th Legislative District","Democratic","ROEBUCK, JAMES R","22,715","0","0","","","","","","","","",""
"2012 General Election","PHILADELPHIA","Representative in the General Assembly","190th Legislative District","Democratic","BROWN, VANESSA L","27,617","0","0","","","","","","","","",""
"2012 General Election","PHILADELPHIA","Representative in the General Assembly","191st Legislative District","Democratic","WATERS, RONALD  G","19,636","0","0","","","","","","","","",""
"2012 General Election","PHILADELPHIA","Representative in the General Assembly","192nd Legislative District","Democratic","BISHOP, LOUISE","28,149","0","0","","","","","","","","",""
"2012 General Election","PHILADELPHIA","Representative in the General Assembly","194th Legislative District","Republican","BATEMAN, LINDA M. WOLFE","4,458","0","0","","","","","","","","",""
"2012 General Election","PHILADELPHIA","Representative in the General Assembly","194th Legislative District","Democratic","DELISSIO, PAMELA A","15,845","0","0","","","","","","","","",""
"2012 General Election","PHILADELPHIA","Representative in the General Assembly","195th Legislative District","Democratic","BROWNLEE, MICHELLE F","26,914","0","0","","","","","","","","",""
"2012 General Election","PHILADELPHIA","Representative in the General Assembly","197th Legislative District","Republican","CRUM, STEVE L","1,404","0","0","","","","","","","","",""
"2012 General Election","PHILADELPHIA","Representative in the General Assembly","197th Legislative District","Democratic","MIRANDA, J P","25,998","0","0","","","","","","","","",""
"2012 General Election","PHILADELPHIA","Representative in the General Assembly","198th Legislative District","Democratic","YOUNGBLOOD, ROSITA C","26,517","0","0","","","","","","","","",""
"2012 General Election","PHILADELPHIA","Representative in the General Assembly","200th Legislative District","Democratic","PARKER, CHERELLE LESLEY","30,035","0","0","","","","","","","","",""
"2012 General Election","PHILADELPHIA","Representative in the General Assembly","201st Legislative District","Democratic","KINSEY, STEPHEN","26,486","0","0","","","","","","","","",""
"2012 General Election","PHILADELPHIA","Representative in the General Assembly","202nd Legislative District","Democratic","COHEN, MARK B","21,832","0","0","","","","","","","","",""
"2012 General Election","PHILADELPHIA","Representative in the General Assembly","203rd Legislative District","Democratic","EVANS, DWIGHT","27,080","0","0","","","","","","","","",""
"2012 General Election","PIKE","Representative in the General Assembly","139th Legislative District","Republican","PEIFER, MICHAEL T","10,339","0","0","","","","","","","","",""
"2012 General Election","PIKE","Representative in the General Assembly","189th Legislative District","Republican","BROWN, ROSEMARY M","4,858","0","0","","","","","","","","",""
"2012 General Election","PIKE","Representative in the General Assembly","189th Legislative District","Democratic","FORREST, ELIZABETH  A","3,734","0","0","","","","","","","","",""
"2012 General Election","POTTER","Senator in the General Assembly","25th Senatorial District","Republican","SCARNATI, III, JOSEPH B","6,132","0","0","","","","","","","","",""
"2012 General Election","POTTER","Representative in the General Assembly","67th Legislative District","Republican","CAUSER, MARTIN T","6,322","0","0","","","","","","","","",""
"2012 General Election","SCHUYLKILL","Senator in the General Assembly","29th Senatorial District","Republican","ARGALL, DAVID G","30,665","0","0","","","","","","","","",""
"2012 General Election","SCHUYLKILL","Senator in the General Assembly","29th Senatorial District","Democratic","SEIP, TIM","26,609","0","0","","","","","","","","",""
"2012 General Election","SCHUYLKILL","Representative in the General Assembly","123rd Legislative District","Democratic","GOODMAN, NEAL P","16,854","0","0","","","","","","","","",""
"2012 General Election","SCHUYLKILL","Representative in the General Assembly","124th Legislative District","Republican","KNOWLES, JERRY","11,135","0","0","","","","","","","","",""
"2012 General Election","SCHUYLKILL","Representative in the General Assembly","124th Legislative District","Independent","PICCIANO, DANTE","3,699","0","0","","","","","","","","",""
"2012 General Election","SCHUYLKILL","Representative in the General Assembly","125th Legislative District","Republican","TOBASH, MIKE G","15,416","0","0","","","","","","","","",""
"2012 General Election","SCHUYLKILL","Representative in the General Assembly","125th Legislative District","Democratic","HARMAN, VICKI","5,986","0","0","","","","","","","","",""
"2012 General Election","SNYDER","Senator in the General Assembly","27th Senatorial District","Republican","GORDNER, JOHN R","12,150","0","0","","","","","","","","",""
"2012 General Election","SNYDER","Representative in the General Assembly","82nd Legislative District","Republican","HARRIS, C ADAM","4,056","0","0","","","","","","","","",""
"2012 General Election","SNYDER","Representative in the General Assembly","85th Legislative District","Republican","KELLER, FRED","5,374","0","0","","","","","","","","",""
"2012 General Election","SNYDER","Representative in the General Assembly","85th Legislative District","Libertarian","VIKER, ERIK K","1,198","0","0","","","","","","","","",""
"2012 General Election","SNYDER","Representative in the General Assembly","108th Legislative District","Republican","SCHLEGEL-CULVER, LYNDA J","2,134","0","0","","","","","","","","",""
"2012 General Election","SOMERSET","Senator in the General Assembly","35th Senatorial District","Republican","HOUSER, TIMOTHY P","2,913","0","0","","","","","","","","",""
"2012 General Election","SOMERSET","Senator in the General Assembly","35th Senatorial District","Democratic","WOZNIAK, JOHN N","3,010","0","0","","","","","","","","",""
"2012 General Election","SOMERSET","Representative in the General Assembly","69th Legislative District","Republican / Democratic","METZGAR, CARL W","21,203","0","0","","","","","","","","",""
"2012 General Election","SOMERSET","Representative in the General Assembly","72nd Legislative District","Democratic","BURNS, FRANK J","9,181","0","0","","","","","","","","",""
"2012 General Election","SULLIVAN","Senator in the General Assembly","23rd Senatorial District","Republican","YAW, GENE","2,034","0","0","","","","","","","","",""
"2012 General Election","SULLIVAN","Senator in the General Assembly","23rd Senatorial District","Democratic","CLEVELAND, LUANA","835","0","0","","","","","","","","",""
"2012 General Election","SULLIVAN","Representative in the General Assembly","110th Legislative District","Republican","PICKETT, TINA L","2,460","0","0","","","","","","","","",""
"2012 General Election","SUSQUEHANNA","Senator in the General Assembly","23rd Senatorial District","Republican","YAW, GENE","6,921","0","0","","","","","","","","",""
"2012 General Election","SUSQUEHANNA","Senator in the General Assembly","23rd Senatorial District","Democratic","CLEVELAND, LUANA","3,149","0","0","","","","","","","","",""
"2012 General Election","SUSQUEHANNA","Representative in the General Assembly","110th Legislative District","Republican","PICKETT, TINA L","2,710","0","0","","","","","","","","",""
"2012 General Election","SUSQUEHANNA","Representative in the General Assembly","111th Legislative District","Republican","MAJOR, SANDRA J","9,915","0","0","","","","","","","","",""
"2012 General Election","SUSQUEHANNA","Representative in the General Assembly","111th Legislative District","Democratic","DAHLANDER, JEFFREY C","4,105","0","0","","","","","","","","",""
"2012 General Election","SUSQUEHANNA","Representative in the General Assembly","114th Legislative District","Republican / Democratic","KAVULICH, SID MICHAELS","546","0","0","","","","","","","","",""
"2012 General Election","TIOGA","Senator in the General Assembly","25th Senatorial District","Republican","SCARNATI, III, JOSEPH B","13,656","0","0","","","","","","","","",""
"2012 General Election","TIOGA","Representative in the General Assembly","68th Legislative District","Republican / Democratic","BAKER, MATTHEW E","16,198","0","0","","","","","","","","",""
"2012 General Election","UNION","Senator in the General Assembly","23rd Senatorial District","Republican","YAW, GENE","8,842","0","0","","","","","","","","",""
"2012 General Election","UNION","Senator in the General Assembly","23rd Senatorial District","Democratic","CLEVELAND, LUANA","4,816","0","0","","","","","","","","",""
"2012 General Election","UNION","Representative in the General Assembly","85th Legislative District","Republican","KELLER, FRED","11,526","0","0","","","","","","","","",""
"2012 General Election","UNION","Representative in the General Assembly","85th Legislative District","Libertarian","VIKER, ERIK K","2,737","0","0","","","","","","","","",""
"2012 General Election","VENANGO","Senator in the General Assembly","21st Senatorial District","Republican","HUTCHINSON, SCOTT E","19,179","0","0","","","","","","","","",""
"2012 General Election","VENANGO","Representative in the General Assembly","64th Legislative District","Republican","JAMES, R LEE","18,186","0","0","","","","","","","","",""
"2012 General Election","WARREN","Senator in the General Assembly","21st Senatorial District","Republican","HUTCHINSON, SCOTT E","9,075","0","0","","","","","","","","",""
"2012 General Election","WARREN","Senator in the General Assembly","25th Senatorial District","Republican","SCARNATI, III, JOSEPH B","3,243","0","0","","","","","","","","",""
"2012 General Election","WARREN","Representative in the General Assembly","65th Legislative District","Republican","RAPP, KATHY L","14,007","0","0","","","","","","","","",""
"2012 General Election","WASHINGTON","Senator in the General Assembly","37th Senatorial District","Republican","RAJA, D","7,422","0","0","","","","","","","","",""
"2012 General Election","WASHINGTON","Senator in the General Assembly","37th Senatorial District","Democratic","SMITH, MATT","4,749","0","0","","","","","","","","",""
"2012 General Election","WASHINGTON","Representative in the General Assembly","39th Legislative District","Republican","SACCONE, RICK","3,389","0","0","","","","","","","","",""
"2012 General Election","WASHINGTON","Representative in the General Assembly","39th Legislative District","Democratic","LEVDANSKY, DAVE","2,963","0","0","","","","","","","","",""
"2012 General Election","WASHINGTON","Representative in the General Assembly","40th Legislative District","Republican","MAHER, JOHN","10,110","0","0","","","","","","","","",""
"2012 General Election","WASHINGTON","Representative in the General Assembly","46th Legislative District","Republican / Democratic","WHITE, JESSE J","23,122","0","0","","","","","","","","",""
"2012 General Election","WASHINGTON","Representative in the General Assembly","48th Legislative District","Democratic","NEUMAN, BRANDON P","21,206","0","0","","","","","","","","",""
"2012 General Election","WASHINGTON","Representative in the General Assembly","49th Legislative District","Republican","MASSAFRA, RICHARD J","8,917","0","0","","","","","","","","",""
"2012 General Election","WASHINGTON","Representative in the General Assembly","49th Legislative District","Democratic","DALEY, II, PETER J","10,010","0","0","","","","","","","","",""
"2012 General Election","WASHINGTON","Representative in the General Assembly","50th Legislative District","Republican","FISCHER, MARK W","726","0","0","","","","","","","","",""
"2012 General Election","WASHINGTON","Representative in the General Assembly","50th Legislative District","Democratic","SNYDER, PAM","1,707","0","0","","","","","","","","",""
"2012 General Election","WAYNE","Representative in the General Assembly","111th Legislative District","Republican","MAJOR, SANDRA J","2,197","0","0","","","","","","","","",""
"2012 General Election","WAYNE","Representative in the General Assembly","111th Legislative District","Democratic","DAHLANDER, JEFFREY C","802","0","0","","","","","","","","",""
"2012 General Election","WAYNE","Representative in the General Assembly","115th Legislative District","Republican","KANE, THERESA","4,229","0","0","","","","","","","","",""
"2012 General Election","WAYNE","Representative in the General Assembly","115th Legislative District","Democratic","FARINA, FRANK","2,470","0","0","","","","","","","","",""
"2012 General Election","WAYNE","Representative in the General Assembly","139th Legislative District","Republican","PEIFER, MICHAEL T","8,662","0","0","","","","","","","","",""
"2012 General Election","WESTMORELAND","Senator in the General Assembly","39th Senatorial District","Republican / Democratic","WARD, KIM L","92,984","0","0","","","","","","","","",""
"2012 General Election","WESTMORELAND","Senator in the General Assembly","39th Senatorial District","Independent","GAZZE, RONALD M","13,946","0","0","","","","","","","","",""
"2012 General Election","WESTMORELAND","Senator in the General Assembly","41st Senatorial District","Republican","WHITE, DON","18,706","0","0","","","","","","","","",""
"2012 General Election","WESTMORELAND","Senator in the General Assembly","45th Senatorial District","Democratic","BREWSTER, JAMES R","12,515","0","0","","","","","","","","",""
"2012 General Election","WESTMORELAND","Representative in the General Assembly","25th Legislative District","Republican","DOYLE, MIKE","3,019","0","0","","","","","","","","",""
"2012 General Election","WESTMORELAND","Representative in the General Assembly","25th Legislative District","Democratic","MARKOSEK, JOSEPH","2,457","0","0","","","","","","","","",""
"2012 General Election","WESTMORELAND","Representative in the General Assembly","52nd Legislative District","Democratic","KULA, DEBERAH","3,211","0","0","","","","","","","","",""
"2012 General Election","WESTMORELAND","Representative in the General Assembly","54th Legislative District","Republican","EVANKOVICH, ELI","16,758","0","0","","","","","","","","",""
"2012 General Election","WESTMORELAND","Representative in the General Assembly","54th Legislative District","Democratic","LEYLAND, PATRICK J","8,618","0","0","","","","","","","","",""
"2012 General Election","WESTMORELAND","Representative in the General Assembly","55th Legislative District","Republican","HAUSER, JOHN","10,453","0","0","","","","","","","","",""
"2012 General Election","WESTMORELAND","Representative in the General Assembly","55th Legislative District","Democratic","PETRARCA, JOSEPH A","13,217","0","0","","","","","","","","",""
"2012 General Election","WESTMORELAND","Representative in the General Assembly","56th Legislative District","Republican","DUNBAR, GEORGE S","17,494","0","0","","","","","","","","",""
"2012 General Election","WESTMORELAND","Representative in the General Assembly","56th Legislative District","Democratic","GEISSLER, JR, RAYMOND BUD","12,476","0","0","","","","","","","","",""
"2012 General Election","WESTMORELAND","Representative in the General Assembly","57th Legislative District","Republican","KRIEGER, TIM","17,339","0","0","","","","","","","","",""
"2012 General Election","WESTMORELAND","Representative in the General Assembly","57th Legislative District","Democratic","GALES, A J","9,576","0","0","","","","","","","","",""
"2012 General Election","WESTMORELAND","Representative in the General Assembly","58th Legislative District","Democratic","HARHAI, R TED","18,640","0","0","","","","","","","","",""
"2012 General Election","WESTMORELAND","Representative in the General Assembly","59th Legislative District","Republican","REESE, MIKE","18,678","0","0","","","","","","","","",""
"2012 General Election","WESTMORELAND","Representative in the General Assembly","59th Legislative District","Democratic","ELLENBERGER, HARRIET","7,278","0","0","","","","","","","","",""
"2012 General Election","WYOMING","Representative in the General Assembly","111th Legislative District","Republican","MAJOR, SANDRA J","5,638","0","0","","","","","","","","",""
"2012 General Election","WYOMING","Representative in the General Assembly","111th Legislative District","Democratic","DAHLANDER, JEFFREY C","2,336","0","0","","","","","","","","",""
"2012 General Election","WYOMING","Representative in the General Assembly","114th Legislative District","Republican / Democratic","KAVULICH, SID MICHAELS","426","0","0","","","","","","","","",""
"2012 General Election","WYOMING","Representative in the General Assembly","117th Legislative District","Republican / Democratic","BOBACK, KAREN","3,197","0","0","","","","","","","","",""
"2012 General Election","YORK","Senator in the General Assembly","13th Senatorial District","Republican","SMUCKER, LLOYD K","14,117","0","0","","","","","","","","",""
"2012 General Election","YORK","Senator in the General Assembly","13th Senatorial District","Democratic","O'BRIEN, TOM G","8,891","0","0","","","","","","","","",""
"2012 General Election","YORK","Senator in the General Assembly","15th Senatorial District","Republican","MCNALLY, JOHN","6,344","0","0","","","","","","","","",""
"2012 General Election","YORK","Senator in the General Assembly","15th Senatorial District","Democratic","TEPLITZ, ROB","3,450","0","0","","","","","","","","",""
"2012 General Election","YORK","Senator in the General Assembly","31st Senatorial District","Republican / Democratic","VANCE, PATRICIA H","19,264","0","0","","","","","","","","",""
"2012 General Election","YORK","Senator in the General Assembly","33rd Senatorial District","Republican","ALLOWAY, II, RICHARD","8,274","0","0","","","","","","","","",""
"2012 General Election","YORK","Senator in the General Assembly","33rd Senatorial District","Democratic","NEYLON, BRUCE","3,941","0","0","","","","","","","","",""
"2012 General Election","YORK","Representative in the General Assembly","47th Legislative District","Republican","GILLESPIE, KEITH","20,236","0","0","","","","","","","","",""
"2012 General Election","YORK","Representative in the General Assembly","47th Legislative District","Democratic","SPEED, SARAH D","13,127","0","0","","","","","","","","",""
"2012 General Election","YORK","Representative in the General Assembly","92nd Legislative District","Republican","REGAN, MIKE","17,511","0","0","","","","","","","","",""
"2012 General Election","YORK","Representative in the General Assembly","92nd Legislative District","Democratic","COMREY, CHARLES R","6,725","0","0","","","","","","","","",""
"2012 General Election","YORK","Representative in the General Assembly","93rd Legislative District","Republican","MILLER, RON","23,518","0","0","","","","","","","","",""
"2012 General Election","YORK","Representative in the General Assembly","93rd Legislative District","Democratic","SMALL, LINDA E","10,670","0","0","","","","","","","","",""
"2012 General Election","YORK","Representative in the General Assembly","94th Legislative District","Republican","SAYLOR, STANLEY E","25,410","0","0","","","","","","","","",""
"2012 General Election","YORK","Representative in the General Assembly","95th Legislative District","Democratic","DEPASQUALE, EUGENE A","16,804","0","0","","","","","","","","",""
"2012 General Election","YORK","Representative in the General Assembly","95th Legislative District","YORK LIBERTARIAN PARTY","MOSER, DAVE","3,431","0","0","","","","","","","","",""
"2012 General Election","YORK","Representative in the General Assembly","193rd Legislative District","Republican","TALLMAN, WILL F","8,470","0","0","","","","","","","","",""
"2012 General Election","YORK","Representative in the General Assembly","193rd Legislative District","Democratic","MCNEVIN, ANTHONY","3,823","0","0","","","","","","","","",""
"2012 General Election","YORK","Representative in the General Assembly","196th Legislative District","Republican","GROVE, SETH M","26,408","0","0","","","","","","","","",""
